train_id:ID(Train-ID),number,name,:LABEL
56927,43,Івано-Франківськ Київ,Train
1668,133,Івано-Франківськ Миколаїв,Train
57110,250,Івано-Франківськ Київ,Train
54178,749   (ІНТЕРСІТІ),Івано-Франківськ Київ,Train
429,7,Івано-Франківськ Київ,Train
57065,233,Івано-Франківськ Кривий Ріг,Train
57095,193,Івано-Франківськ Львів,Train
57107,218,Івано-Франківськ Київ,Train
56758,43,"Івано-Франківськ Київ,чернігів",Train
56805,1,Івано-Франківськ Костянтинівка,Train
423,136,Білгород-Дністровський Чернівці,Train
54219,34  безпересадковий вагон,Будапешт Львів,Train
56850,147  безпересадковий вагон,Відень Київ,Train
2072,144,"Ворохта,івано-Франківськ Київ",Train
57009,63170,Вроцлав Львів,Train
57012,53170  безпересадковий вагон,Гдиня Львів,Train
56810,743   (ІНТЕРСІТІ+),"Дарниця, Київ Львів",Train
57133,295,Дніпро Івано-Франківськ,Train
57099,232,Дніпро Івано-Франківськ,Train
1354,275,Дніпро Львів,Train
386,41,Дніпро Трускавець,Train
57060,69  безпересадковий вагон,Дніпро Ужгород,Train
57059,69  безпересадковий вагон,Дніпро Ужгород,Train
57120,232  безпересадковий вагон,Запоріжжя Рахів,Train
57063,232,Запоріжжя Львів,Train
134,120,"Запоріжжя, Кривий Ріг Львів",Train
56874,811,Ківерці Львів,Train
57129,7,Київ Івано-Франківськ,Train
54166,749   (ІНТЕРСІТІ),Київ Івано-Франківськ,Train
54177,7,Київ Івано-Франківськ,Train
56849,749  безпересадковий вагон,Київ Відень,Train
136,141,Київ Львів,Train
56631,13,Київ Солотвино,Train
57055,13,Київ Солотвино,Train
1296,"49   (""КОБЗАР"")",Київ Трускавець,Train
56969,"81   (""ДЕСНА"")",Київ Ужгород,Train
56826,29,Київ Ужгород,Train
57109,29,Київ Ужгород,Train
57006,29,Київ Ужгород,Train
1947,207,Київ Ужгород,Train
1289,"81   (""ДЕСНА"")",Київ Ужгород,Train
56846,249,Київ Чернівці,Train
56928,44,Київ Івано-Франківськ,Train
57058,13  безпересадковий вагон,Київ Кошице,Train
54312,13  безпересадковий вагон,Київ Кошице,Train
54172,217,Київ Рахов,Train
56848,219,Київ Чернівці,Train
56175,715   (ІНТЕРСІТІ+),Київ Пшемисль,Train
54169,143,"Київ Івано-Франківськ,ворохта",Train
51900,191,Київ Львів,Train
55126,243,Київ Львів,Train
57132,"91   (""ЛЬВІВ"")",Київ Львів,Train
57122,"755   (""ЛЬВІВ"")",Київ Львів,Train
54753,"91   (""ЛЬВІВ"")",Київ Львів,Train
1480,239,Київ Ужгород,Train
54730,705   (ІНТЕРСІТІ+),Київ Пшемисль,Train
2424,668,Ковель Чернівці,Train
57023,2,Костянтинівка Івано-Франківськ,Train
56786,2,Костянтинівка Івано-Франківськ,Train
54330,8813  безпересадковий вагон,Кошице Київ,Train
57057,8813  безпересадковий вагон,Кошице Київ,Train
57064,234,Кривий Ріг Івано-Франківськ,Train
352,46,Лисичанськ Ужгород,Train
57131,46,Лисичанськ Ужгород,Train
56981,46,Лисичанськ Ужгород,Train
56972,"132   (""СЛОБОЖАНЩИНА"")",Львів Харків,Train
20,"132   (""СЛОБОЖАНЩИНА"")",Львів Харків,Train
56971,"112    (""СЛОБОЖАНЩИНА"")",Львів Харків,Train
207,"112    (""СЛОБОЖАНЩИНА"")",Львів Харків,Train
56883,806,Львів Рівне,Train
394,110,Львів Херсон,Train
57035,110,Львів Херсон,Train
56894,804,Львів Рівне,Train
56825,372,Львів Могилів,Train
205,142,Львів Київ,Train
57092,462,Львів Мінськ,Train
56882,827,Львів Мукачево,Train
57103,168,Львів Одеса,Train
218,228,Львів Одеса,Train
37,258,Львів Одеса,Train
28980,601,Львів Солотвино,Train
56860,829,Львів Ужгород,Train
155,"96   (""ТЯСМИН"")",Львів Черкаси,Train
1295,744   (ІНТЕРСІТІ+),"Львів Київ, Дарниця",Train
56910,812,Львів Ківерці,Train
56640,"12   (""ЗАХІДНИЙ ЕКСПРЕС"")",Львів Одеса,Train
1279,702,Львів Чернівці,Train
1355,276,Львів Дніпро,Train
57096,194,Львів Івано-Франківськ,Train
54353,81  безпересадковий вагон,Львів Будапешт,Train
264,74,Львів Москва,Train
56842,185,Львів Ужгород,Train
57010,51,Львів Вроцлав,Train
57011,51  безпересадковий вагон,Львів Гдиня,Train
379,86,Львів Новоолексіївка,Train
57088,286,Львів Запоріжжя-1,Train
201,"92   (""ЛЬВІВ"")",Львів Київ,Train
57123,"756   (""ЛЬВІВ"")",Львів Київ,Train
51901,192,Львів Київ,Train
56428,244,Львів Київ,Train
230,120,"Львів Кривий Ріг, Запоріжжя",Train
345,70,Львів Маріуполь,Train
57061,81  безпересадковий вагон,Львів Маріуполь,Train
38380,606,Львів Рахів,Train
57015,606,Львів Рахів,Train
56765,145,Львів Чоп,Train
57091,461,Мінськ Львів,Train
236,70,Маріуполь Львів,Train
56798,134,Миколаїв Івано-Франківськ,Train
417,371,Могилів Львів,Train
330,73,Москва Львів,Train
56914,828,Мукачево Львів,Train
252,86,Новоолексіївка Львів,Train
266,228,Одеса Львів,Train
1611,108,Одеса Ужгород,Train
56801,36,Одеса Пшемисль,Train
56755,26,Одеса Яремче,Train
57016,26,Одеса Яремче,Train
56754,"12   (""ЗАХІДНИЙ ЕКСПРЕС"")",Одеса Львів,Train
57018,26,Одеса Рахів,Train
57104,168,Одеса Львів,Train
38,258,Одеса Львів,Train
56802,35,Пшемисль Одеса,Train
56177,715   (ІНТЕРСІТІ+),Пшемисль Київ,Train
54731,705   (ІНТЕРСІТІ+),Пшемисль Київ,Train
56888,806,Рівне Львів,Train
56897,804,Рівне Львів,Train
57017,26,Рахів Одеса,Train
1872,218,Рахів Київ,Train
56787,"16   (""ВЛАДИСЛАВ ЗУБЕНКО"")",Рахів Харків,Train
57121,606  безпересадковий вагон,Рахів Запоріжжя,Train
1483,606,Рахів Львів,Train
1375,601,Солотвино Львів,Train
56769,13,Солотвино Київ,Train
57056,13,Солотвино Київ,Train
56783,"50   (""КОБЗАР"")",Трускавець Київ,Train
286,42,Трускавець Дніпро,Train
1946,207,Ужгород Київ,Train
56,29,Ужгород Київ,Train
56970,"81   (""ДЕСНА"")",Ужгород Київ,Train
3794,239,Ужгород Київ,Train
54164,"81   (""ДЕСНА"")",Ужгород Київ,Train
57108,29,Ужгород Київ,Train
56884,829,Ужгород Львів,Train
2126,107,Ужгород Одеса,Train
56975,45,Ужгород Лисичанськ,Train
56760,45,Ужгород Лисичанськ,Train
57062,601  безпересадковий вагон,Ужгород Дніпро,Train
56845,185,Ужгород Львів,Train
1291,"235   (""ВЕЧІРНІ ЗОРІ"")",Ужгород Харків,Train
57007,"235   (""ВЕЧІРНІ ЗОРІ"")",Ужгород Харків,Train
56789,"17   (""МРІЯ"")",Ужгород Харків,Train
56806,"131   (""СЛОБОЖАНЩИНА"")",Харків Львів,Train
56993,"111    (""СЛОБОЖАНЩИНА"")",Харків Львів,Train
144,"111    (""СЛОБОЖАНЩИНА"")",Харків Львів,Train
56994,"131   (""СЛОБОЖАНЩИНА"")",Харків Львів,Train
56990,"15   (""ВЛАДИСЛАВ ЗУБЕНКО"")",Харків Рахів,Train
56816,"15   (""ВЛАДИСЛАВ ЗУБЕНКО"")",Харків Рахів,Train
57130,"17   (""МРІЯ"")",Харків Ужгород,Train
57008,"235   (""ВЕЧІРНІ ЗОРІ"")",Харків Ужгород,Train
56984,"17   (""МРІЯ"")",Харків Ужгород,Train
56788,"17   (""МРІЯ"")",Харків Ужгород,Train
1290,"235   (""ВЕЧІРНІ ЗОРІ"")",Харків Ужгород,Train
147,109,Херсон Львів,Train
411,"95   (""ТЯСМИН"")",Черкаси Львів,Train
1281,702,Чернівці Львів,Train
56843,250,Чернівці Київ,Train
57089,226,Чернівці Дніпро,Train
56844,220,Чернівці Київ,Train
57146,136,Чернівці Білгород-Дністровський,Train
1448,668,Чернівці Ковель,Train
56759,44,"Чернігів,київ Івано-Франківськ",Train
53,146,Чоп Львів,Train
57019,26,Яремче Одеса,Train
56718,26,Яремче Одеса,Train
56838,751,Здолбунів Хелм,Train
319,97,Київ Ковель,Train
57134,97,Київ Ковель,Train
2223,197,Київ Ковель,Train
56851,77,Київ Ковель,Train
387,84,Ковель Одеса,Train
2224,198,Ковель Київ,Train
56660,753,Ковель Хелм,Train
57135,98,Ковель Київ,Train
1479,98,Ковель Київ,Train
56762,88,Ковель Новоолексіївка,Train
356,128,Ковель Харків,Train
56852,78,Ковель Київ,Train
349,78  безпересадковий вагон,Ковель Москва,Train
419,73  безпересадковий вагон,Москва Ковель,Train
354,86,Новоолексіївка Ковель,Train
57142,86,Новоолексіївка Ковель,Train
274,84,Одеса Ковель,Train
56763,127,Харків Ковель,Train
56987,127,Харків Ковель,Train
56512,752,Хелм Здолбунів,Train
56839,754,Хелм Ковель,Train
251,"357   (""ГУЦУЛЬЩИНА"")","Київ Тернопіль, Рахів",Train
56693,747   (ІНТЕРСІТІ),Київ Тернопіль,Train
397,"358   (""ГУЦУЛЬЩИНА"")","Рахів, Тернопіль Київ",Train
56538,748   (ІНТЕРСІТІ),Тернопіль Київ,Train
14,146,Ізмаїл Київ,Train
57047,585,Ізмаїл Одеса,Train
56854,688  безпересадковий вагон,Березине Київ,Train
37561,"797   (""ПІВДЕННИЙ ЕКСПРЕС"")",Вінниця Одеса,Train
271,"63   (""СКІФІЯ"")",Дніпро Одеса,Train
57138,618  безпересадковий вагон,Дніпро Одеса,Train
54269,618  безпересадковий вагон,Дніпро Одеса,Train
290,763   (ІНТЕРСІТІ+),Київ Одеса,Train
56840,148,Київ Одеса,Train
325,"105   (""ЧОРНОМОРЕЦЬ"")",Київ Одеса,Train
77,223,Київ Одеса,Train
56853,145  безпересадковий вагон,Київ Березине,Train
12,145,Київ Ізмаїл,Train
56823,642,Кишинеу Одеса,Train
314,92,Костянтинівка Одеса,Train
54347,564  безпересадковий вагон,Кривий Ріг Одеса,Train
57136,"318   (""ТАВРІЯ"")","Кривий Ріг,запоріжжя Одеса",Train
265,"318   (""ТАВРІЯ"")","Кривий Ріг,запоріжжя Одеса",Train
190,94,Мінськ Одеса,Train
56774,142,Маріуполь Одеса,Train
222,23,Москва Одеса,Train
375,764   (ІНТЕРСІТІ+),Одеса Київ,Train
285,"64   (""СКІФІЯ"")",Одеса Дніпро,Train
78,224,Одеса Київ,Train
173,"106   (""ЧОРНОМОРЕЦЬ"")",Одеса Київ,Train
56834,148,Одеса Київ,Train
403,642,Одеса Кишинеу,Train
54418,64  безпересадковий вагон,Одеса Кривий Ріг,Train
326,94,Одеса Мінськ,Train
208,24,Одеса Москва,Train
56772,8,Одеса Харків,Train
57126,8,Одеса Харків,Train
253,"60   (""ЧАЙКА"")",Одеса Харків,Train
57013,270,"Одеса Харків, Суми",Train
79,270,"Одеса Харків, Суми",Train
164,92,Одеса Костянтинівка,Train
55499,"798   (""ПІВДЕННИЙ ЕКСПРЕС"")",Одеса Вінниця,Train
56775,142,Одеса Маріуполь,Train
54436,318  безпересадковий вагон,Одеса Дніпро,Train
57139,318  безпересадковий вагон,Одеса Дніпро,Train
57137,"318   (""ТАВРІЯ"")","Одеса Запоріжжя,кривий Ріг",Train
203,"318   (""ТАВРІЯ"")","Одеса Запоріжжя,кривий Ріг",Train
80,270,"Суми, Харків Одеса",Train
57014,270,"Суми, Харків Одеса",Train
56773,7,Харків Одеса,Train
56988,"59   (""ЧАЙКА"")",Харків Одеса,Train
362,"59   (""ЧАЙКА"")",Харків Одеса,Train
56991,138,Лисичанськ Хмельницький,Train
82,138,Лисичанськ Хмельницький,Train
56999,138,Хмельницький Лисичанськ,Train
56777,138,Хмельницький Лисичанськ,Train
150,179,Дніпро Київ,Train
57041,201,Дніпро Київ,Train
163,"79   (""ДНІПРО"")",Дніпро Київ,Train
56947,11  безпересадковий вагон,Дніпро С.петербург,Train
54265,11  безпересадковий вагон,Дніпро С.петербург,Train
49129,732   (ІНТЕРСІТІ+),Запоріжжя Київ,Train
51828,736   (ІНТЕРСІТІ+),Запоріжжя Київ,Train
426,"76   (""КРИВОРІЖЖЯ"")","Запоріжжя, Кривий Ріг Київ",Train
297,84,Київ Маріуполь,Train
54850,104,Київ Маріуполь,Train
391,179,Київ Дніпро,Train
36882,732   (ІНТЕРСІТІ+),Київ Запоріжжя,Train
1818,736   (ІНТЕРСІТІ+),Київ Запоріжжя,Train
229,"790   (""СТОЛИЧНИЙ ЕКСПРЕС"")",Київ Кропивницький,Train
54711,792,Київ Кременчук,Train
370,"12   (""СЛАВУТИЧ"")",Київ Новоолексіївка,Train
57106,202,Київ Дніпро,Train
36880,734   (ІНТЕРСІТІ+),Київ Покровськ,Train
327,"76   (""КРИВОРІЖЖЯ"")","Київ Кривий Ріг, Запоріжжя",Train
57100,203,Київ Новоолексіївка,Train
57102,203,Київ Новоолексіївка,Train
384,"80   (""ДНІПРО"")",Київ Дніпро,Train
57128,175,Київ Кривий Ріг,Train
54710,791,Кременчук Київ,Train
57127,176,Кривий Ріг Київ,Train
171,"790   (""СТОЛИЧНИЙ ЕКСПРЕС"")",Кропивницький Київ,Train
292,84,Маріуполь Київ,Train
54851,104,Маріуполь Київ,Train
56809,62,Миколаїв Москва,Train
56808,61,Москва Миколаїв,Train
287,"12   (""СЛАВУТИЧ"")",Новоолексіївка Київ,Train
57101,204,Новоолексіївка Київ,Train
56956,733   (ІНТЕРСІТІ+),Покровськ Київ,Train
54141,733   (ІНТЕРСІТІ+),Покровськ Київ,Train
54455,53  безпересадковий вагон,С.петербург Дніпро,Train
293,375,Харків Херсон,Train
56992,375,Харків Херсон,Train
341,375,Херсон Харків,Train
57043,"205   (""МИКОЛАЇВ"")",Київ Миколаїв,Train
56962,"121   (""МИКОЛАЇВ"")",Київ Миколаїв,Train
56803,"121   (""МИКОЛАЇВ"")",Київ Миколаїв,Train
57033,152,Київ Херсон,Train
2472,"766   (ІНТЕРСІТІ""СТОЛИЧНИЙ ЕКСПРЕС"")",Київ Херсон,Train
57042,"206   (""МИКОЛАЇВ"")",Миколаїв Київ,Train
431,"122   (""МИКОЛАЇВ"")",Миколаїв Київ,Train
57034,152,Херсон Київ,Train
2473,"765   (ІНТЕРСІТІ""СТОЛИЧНИЙ ЕКСПРЕС"")",Херсон Київ,Train
248,"796   (""ПРОМІНЬ"")",Дніпро Харків,Train
54637,106  безпересадковий вагон,Дніпро Москва Кур.,Train
56886,826,Дніпро Покровськ,Train
56468,738,Запоріжжя Київ,Train
56690,38,Київ Запоріжжя,Train
54636,73  безпересадковий вагон,Москва Кур. Дніпро,Train
57105,206,Новоолексіївка Дніпро,Train
56909,825,Покровськ Дніпро,Train
278,"795   (""ПРОМІНЬ"")",Харків Дніпро,Train
254,"72   (""ЗАПОРІЖЖЯ"")",Запоріжжя Київ,Train
56511,102,Київ Херсон,Train
54644,740   (ІНТЕРСІТІ),Київ Кривий Ріг,Train
221,"72   (""ЗАПОРІЖЖЯ"")",Київ Запоріжжя,Train
395,74,Кривий Ріг Москва Кур.,Train
430,739   (ІНТЕРСІТІ),Кривий Ріг Київ,Train
226,73,Москва Кур. Кривий Ріг,Train
56497,102,Херсон Київ,Train
56793,96,Бахмут Маріуполь,Train
2165,608,Бердянськ Запоріжжя-1,Train
57044,822,Запоріжжя Харків,Train
56862,820,Запоріжжя Харків,Train
56887,822,Запоріжжя Харків,Train
56985,100,Запоріжжя Мінськ,Train
56934,100,Запоріжжя Мінськ,Train
2164,608,Запоріжжя-1 Бердянськ,Train
54331,92  безпересадковий вагон,Кременчугк Новоолексіївка,Train
56933,100,Мінськ Запоріжжя,Train
56794,96,Маріуполь Бахмут,Train
54757,"82   (""ХАРКІВ"")",Новоолексіївка Харків,Train
54405,82  безпересадковий вагон,Новоолексіївка Кременчугк,Train
57003,82  безпересадковий вагон,Новоолексіївка Кременчугк,Train
57002,82  безпересадковий вагон,Новоолексіївка Полтава,Train
54409,82  безпересадковий вагон,Новоолексіївка Полтава,Train
54444,92  безпересадковий вагон,Полтава Новоолексіївка,Train
57045,821,Харків Запоріжжя,Train
56870,819,Харків Запоріжжя,Train
56871,821,Харків Запоріжжя,Train
54756,"81   (""ХАРКІВ"")",Харків Новоолексіївка,Train
56872,816,Борщагівка Тех. Шостка,Train
56923,816,Борщагівка Тех. Конотоп,Train
54220,"380  безпересадковий вагон (""БУКОВИНА"")",Бухарест Київ,Train
86,12101,Варшава Київ,Train
56921,817,Ворожба Фастів,Train
56892,828,Жмеринка Київ,Train
57119,"294   (""ПОДІЛЬСЬКИЙ ЕКСПРЕС"")",Жмеринка Київ,Train
56873,813,Зернове Борщагівка Тех.,Train
57115,"770   (""ПОДІЛЬСЬКИЙ ЕКСПРЕС"")",Кам'янець-Подільський Київ,Train
2111,140,Кам'янець-Подільський Київ,Train
54292,"117  безпересадковий вагон (""БУКОВИНА"")",Київ Бухарест,Train
206,"86   (""БЕЛЫЙ АИСТ"")",Київ Мінськ,Train
324,"6   (""УКРАЇНА"")",Київ Москва,Train
56891,855,Київ Рівне,Train
56899,847,Київ Рівне,Train
238,"54   (""ЛИБІДЬ"")",Київ С.петербург,Train
57037,"796   (ІНТЕРСІТІ""СТОЛИЧНИЙ ЕКСПРЕС"")",Київ Суми,Train
194,"780   (ІНТЕРСІТІ""СТОЛИЧНИЙ ЕКСПРЕС"")",Київ Суми,Train
36846,724   (ІНТЕРСІТІ+),Київ Харків,Train
36850,722   (ІНТЕРСІТІ+),Київ Харків,Train
57097,164,Київ Харків,Train
56976,"64   (""ОБЕРІГ"")",Київ Харків,Train
2386,726   (ІНТЕРСІТІ+),Київ Харків,Train
1324,"64   (""ОБЕРІГ"")",Київ Харків,Train
53280,"771   (""ПОДІЛЬСЬКИЙ ЕКСПРЕС"")",Київ Хмельницький,Train
57117,"291   (""ПОДІЛЬСЬКИЙ ЕКСПРЕС"")",Київ Хмельницький,Train
57093,159,Київ Хмельницький,Train
56828,"117   (""БУКОВИНА"")",Київ Чернівці,Train
56917,841,Київ Шепетівка,Train
56918,819,Київ Шепетівка,Train
56861,827,Київ Жмеринка,Train
49210,"769   (""ПОДІЛЬСЬКИЙ ЕКСПРЕС"")",Київ Кам'янець-Подільсь,Train
53942,126,Київ Костянтинівка,Train
143,"776   (""СТОЛИЧНИЙ ЕКСПРЕС"")",Київ Харків,Train
57111,"769   (""ПОДІЛЬСЬКИЙ ЕКСПРЕС"")",Київ Могилів-Подільський,Train
56911,880,Київ Славутич,Train
149,"784   (""ПОДІЛЬСЬКИЙ ЕКСПРЕС"")",Київ Шостка,Train
53539,"778   (""ПОДІЛЬСЬКИЙ ЕКСПРЕС"")",Київ Шостка,Train
57118,"293   (""ПОДІЛЬСЬКИЙ ЕКСПРЕС"")",Київ Жмеринка,Train
1403,712   (ІНТЕРСІТІ+),Київ Костянтинівка,Train
56653,720   (ІНТЕРСІТІ+),Київ Харків,Train
56920,823,Київ Шепетівка,Train
85,67,Київ Варшава,Train
56814,177,Київ Хмельницький,Train
56865,846,Київ Неданчичі,Train
57113,212,Київ Черкаси,Train
56835,"782   (""СТОЛИЧНИЙ ЕКСПРЕС"")",Київ Черкаси,Train
53449,139,Київ Кам'янець-Подільський,Train
1701,124,Київ Костянтинівка,Train
57000,124,Київ Костянтинівка,Train
197,47,Кишинеу Москва,Train
332,341,Кишинеу Москва,Train
240,66,Кишинеу Москва,Train
56858,815,Конотоп Борщагівка Тех.,Train
56901,836,Коростень Київ,Train
1312,126,Костянтинівка Київ,Train
53136,712   (ІНТЕРСІТІ+),Костянтинівка Київ,Train
56977,124,Костянтинівка Київ,Train
1610,124,Костянтинівка Київ,Train
329,"86   (""БЕЛЫЙ АИСТ"")",Мінськ Київ,Train
57112,"758   (""ПОДІЛЬСЬКИЙ ЕКСПРЕС"")",Могилів-Подільський Київ,Train
267,"5   (""УКРАЇНА"")",Москва Київ,Train
54155,47,Москва Кишинеу,Train
56818,65,Москва Кишинеу,Train
57090,341,Москва Кишинеу,Train
56678,55,"Москва Жмеринка, Хмельницький",Train
56935,844,Неданчичі Борщагівка Тех.,Train
56907,844,Неданчичі Фастів,Train
56916,848,Рівне Київ,Train
54635,"53   (""ЛИБІДЬ"")",С.петербург Київ,Train
56925,882,Славутич Фастів,Train
380,"779   (ІНТЕРСІТІ""СТОЛИЧНИЙ ЕКСПРЕС"")",Суми Київ,Train
57036,"795   (ІНТЕРСІТІ""СТОЛИЧНИЙ ЕКСПРЕС"")",Суми Київ,Train
57124,830,Фастів Шостка,Train
56895,830,Фастів Шостка,Train
56924,818,Фастів Ворожба,Train
56869,814,Фастів Зернове,Train
49123,721   (ІНТЕРСІТІ+),Харків Київ,Train
348,"775   (""СТОЛИЧНИЙ ЕКСПРЕС"")",Харків Київ,Train
1323,"63   (""ОБЕРІГ"")",Харків Київ,Train
56982,723   (ІНТЕРСІТІ+),Харків Київ,Train
56996,"63   (""ОБЕРІГ"")",Харків Київ,Train
56998,725   (ІНТЕРСІТІ+),Харків Київ,Train
56995,"775   (""СТОЛИЧНИЙ ЕКСПРЕС"")",Харків Київ,Train
56989,721   (ІНТЕРСІТІ+),Харків Київ,Train
49127,725   (ІНТЕРСІТІ+),Харків Київ,Train
57098,163,Харків Київ,Train
49125,723   (ІНТЕРСІТІ+),Харків Київ,Train
56703,719   (ІНТЕРСІТІ+),Харків Київ,Train
56997,719   (ІНТЕРСІТІ+),Харків Київ,Train
57094,160,Хмельницький Київ,Train
54482,772  безпересадковий вагон,Хмельницький Шостка,Train
57116,"292   (""ПОДІЛЬСЬКИЙ ЕКСПРЕС"")",Хмельницький Київ,Train
53446,"772   (""ПОДІЛЬСЬКИЙ ЕКСПРЕС"")",Хмельницький Київ,Train
54627,177,Хмельницький Київ,Train
56547,56,"Хмельницький, Жмеринка Москва",Train
57114,211,Черкаси Київ,Train
320,"781   (""СТОЛИЧНИЙ ЕКСПРЕС"")",Черкаси Київ,Train
56829,"118   (""БУКОВИНА"")",Чернівці Київ,Train
56898,860,Шепетівка Київ,Train
56889,842,Шепетівка Київ,Train
56868,816,Шостка Борщагівка Тех.,Train
56875,830,Шостка Київ,Train
213,"784   (""ПОДІЛЬСЬКИЙ ЕКСПРЕС"")",Шостка Київ,Train
368,"778   (""ПОДІЛЬСЬКИЙ ЕКСПРЕС"")",Шостка Київ,Train
54497,778  безпересадковий вагон,Шостка Хмельницький,Train
154,53,С.петербург Харків,Train
56973,53,С.петербург Харків,Train
421,143,Харків С.петербург,Train
56978,143,Харків С.петербург,Train
54185,61,Кишинеу С.петербург,Train
54184,61,С.петербург Кишинеу,Train
56926,890,Вінниця Коростень,Train
56915,887,Коростень Вінниця,Train
56876,879,Коростень Козятин,Train
17,369,Баку Харків,Train
56937,788,Костянтинівка Харків,Train
54332,92  безпересадковий вагон,Кременчук Москва,Train
305,92,"Кременчук,полтава Харків",Train
52668,610,Лисичанськ Харків,Train
56979,19  безпересадковий вагон,Москва Суми,Train
54388,19  безпересадковий вагон,Москва Суми,Train
414,19,Москва Харків,Train
57004,19  безпересадковий вагон,Москва Кременчук,Train
54383,19  безпересадковий вагон,Москва Кременчук,Train
55254,19  безпересадковий вагон,Москва Полтава,Train
57005,19  безпересадковий вагон,Москва Полтава,Train
55255,92  безпересадковий вагон,Полтава Москва,Train
54459,118  безпересадковий вагон,Суми Москва,Train
57022,118  безпересадковий вагон,Суми Москва,Train
57021,118,Суми Харків,Train
56792,118,Суми Харків,Train
308,369,Харків Баку,Train
260,20,Харків Москва,Train
56791,117,Харків Суми,Train
56980,117,Харків Суми,Train
94,609,Харків Лисичанськ,Train
57001,91,"Харків Полтава, Кременчук",Train
261,91,"Харків Полтава, Кременчук",Train
56936,787,Харків Костянтинівка,Train
57039,328,Зернове Суми,Train
56941,329,Суми Шостка,Train
57040,327,Суми Зернове,Train
56942,330,Шостка Суми,Train
