station_id:ID(Station-ID),name,:LABEL
23000,Івано-Франківськ,Station
23206,Галич,Station
23204,Бурштин,Station
23098,Ходорів,Station
23200,Львів,Station
23150,Броди,Station
22184,Кривин,Station
34763,Славута-1,Station
22220,Шепетівка-1,Station
22130,Новоград-Волинський 1,Station
22110,Коростень-П-З,Station
47125,Святошин,Station
22000,Київ-Пас.,Station
23300,Тернопіль-Пас.,Station
22300,Хмельницький,Station
22270,Жмеринка-Пас.,Station
22200,Вінниця,Station
22302,Козятин-1,Station
22180,Біла Церква,Station
22190,Миронівка,Station
23350,Ім.тараса  Шевченка,Station
23440,Долинська,Station
22900,Кривий Ріг-Головний,Station
22830,Апостолове,Station
23518,Високопілля,Station
23521,Біла Криниця,Station
23526,Снігурівка,Station
23530,Херсон,Station
23536,Миколаїв Пас.,Station
22070,Ніжин,Station
22600,Чернігів,Station
22570,Миргород,Station
22580,Полтава-Київська,Station
22100,Харків-Пас.,Station
24063,Святогірськ,Station
24020,Лиман,Station
24054,Слов'янський Курорт,Station
24110,Краматорськ,Station
24089,Дружківка,Station
24140,Костянтинівка,Station
23560,Білгород-Дністровський,Station
23486,Бугаз,Station
23485,Кароліно-Бугаз,Station
23483,Аккаржа,Station
23600,Одеса-Головна,Station
23460,Роздільна-1,Station
23520,Затишшя,Station
23450,Подільськ,Station
23510,Кодима,Station
23470,Крижопіль,Station
23430,Вапнярка,Station
22263,Деражня,Station
22268,Волочиськ,Station
23201,Коршів,Station
23030,Коломия,Station
23175,Заболотів,Station
23045,Снятин,Station
23500,Чернівці,Station
8030,Будапешт-Ньюгати,Station
2937,Зугло,Station
2815,Кебанія Кішпешт,Station
2817,Феріхегіаеропорт,Station
8372,Цеглед,Station
2123,Сольнок,Station
2127,Пюштекладань,Station
2131,Хайдусобосло,Station
2122,Дебрецен,Station
2121,Н'їредьхаза,Station
2939,Кишварда,Station
277,Захонь,Station
20115,Чоп-Пас.,Station
23127,Батьово-Пас.,Station
23070,Мукачеве,Station
34965,Карпати,Station
23290,Свалява,Station
23145,Воловець,Station
23273,Лавочне,Station
23091,Славське,Station
23088,Сколе,Station
23090,Стрий,Station
2962,Відень Головний,Station
8137,Хедьешхалом,Station
2944,Мосонмадьяровар,Station
2949,Д'ер,Station
2942,Татабанія,Station
2834,Будапешт-Келєнфельд,Station
2141,Будапешт-Келеті,Station
2963,Саел,Station
2933,Тороксентмиклош,Station
2964,Федвернек-Орменеш,Station
2935,Кишуйсаллаш,Station
8503,Карцаг,Station
2494,Каба,Station
2495,Ебеш,Station
2938,Демечер,Station
23217,Ворохта,Station
23218,Татарів,Station
23255,Яремче,Station
23209,Надвірна,Station
23025,Красне,Station
23185,Злочів,Station
23141,Зборів,Station
23260,Підволочиськ,Station
22198,Калинівка-1,Station
22150,Фастів-1,Station
2160,Вроцлав-Гол.,Station
2422,Олава,Station
2228,Бжег,Station
2159,Ополе Главна,Station
2049,Здзешовіце,Station
8063,Кенджежин Козьле,Station
2226,Глівіце,Station
8146,Забже,Station
2158,Катовіце,Station
2305,Краків-Плашув,Station
2224,Тарнов,Station
2223,Дебіца,Station
8105,Жешов,Station
8013,Ланьцут,Station
2222,Пшеворск,Station
2221,Ярослав,Station
2408,Пшемисль Засані,Station
2156,Пшемисль,Station
2232,Гдиня Головна,Station
8115,Сопот,Station
2425,Гданськ Олива,Station
2426,Гданськ Вжещ,Station
2231,Гданськ Головний,Station
8126,Тчев,Station
8074,Мальборк,Station
8245,Прабути,Station
8534,Ілава Головна,Station
8223,Дзялдово,Station
8990,Млава,Station
8219,Цеханув,Station
2033,Модлин,Station
2034,Новий Двір Мазовецький,Station
2035,Легіоново,Station
2189,Варшава-Всходня,Station
2190,Варшава Центральна,Station
2191,Варшава Заходня,Station
2258,Скерниевице,Station
2036,Пйотркув Трибунальський,Station
8014,Ченстохова,Station
2431,Мєхов,Station
2157,Краків-Головний,Station
22080,Дарниця,Station
23215,Підзамче,Station
22700,Дніпро-Головний,Station
22720,Кам'янське-Пас.,Station
22815,Верхівцеве,Station
22810,П'ятихатки,Station
23392,Зелена,Station
23380,Олександрія,Station
23390,Знам'янка-Пас.,Station
23353,Фундукліївка,Station
23359,Цвіткове,Station
23362,Корсунь,Station
22120,Бердичів,Station
22210,Полонне,Station
23010,Здолбунів-Пас.,Station
23165,Дубно,Station
23125,Радивилів,Station
34863,Підбірці,Station
22695,Верхньодніпровськ,Station
22674,Вільногірськ,Station
23355,Кам'янка,Station
35099,Городище,Station
23155,Дрогобич,Station
23240,Трускавець,Station
23351,Чорнолісська,Station
20095,Ужгород,Station
23274,Любень-Великий,Station
23005,Самбір,Station
23112,Ст.самбор,Station
23113,Стрілки,Station
23235,Турка,Station
23118,Сянки,Station
23121,Волосянка-Закарпатська,Station
34908,Ставне,Station
34911,Кострине,Station
23122,Великий Березний,Station
23123,Перечин,Station
22800,Запоріжжя-1,Station
22920,Синельникове-1,Station
23092,Сихів,Station
47445,Букачівці,Station
23219,Делятин,Station
35014,Микуличин,Station
23216,Вороненко,Station
23214,Лазещина,Station
23213,Ясиня,Station
23212,Кваси,Station
47508,Білин,Station
23270,Рахів,Station
22831,Дніпробуд-2,Station
22797,Мирова,Station
22725,Марганець,Station
22780,Нікополь,Station
22870,Чортомлик,Station
22840,Рокувата,Station
23630,Користівка,Station
23410,Кропивницький,Station
23401,Плетений Ташлик,Station
23403,Новоукраїнка,Station
23360,Помічна,Station
35119,Первомайськ На Бузі,Station
23443,Врадіївка,Station
23444,Любашівка,Station
23550,Балта,Station
49334,Обхідна,Station
23417,Слобідка,Station
22261,Комарівці,Station
23095,Ківерці,Station
23060,Луцьк,Station
22093,Малин,Station
22101,Білокоровичі,Station
22103,Олевськ,Station
23037,Остки,Station
23280,Рокитне-Волинське,Station
23036,Томашгород,Station
23195,Клесів,Station
23080,Сарни,Station
23120,Антонівка,Station
23033,Рафалівка,Station
23032,Чарторийськ,Station
23205,Маневичі,Station
23029,Повурськ,Station
23020,Ковель-Пас.,Station
23041,Турійськ,Station
23043,Овадно,Station
23180,Володимир-Волинський,Station
23044,Іваничі,Station
23062,Сокаль,Station
23245,Червоноград,Station
23064,Соснівка,Station
23128,Косини,Station
23129,Берегове,Station
23140,Боржава,Station
23170,Виноградів-Закарпатський,Station
23295,Королеве,Station
23115,Хуст,Station
23160,Буштина,Station
23105,Тячів,Station
23085,Тересва,Station
23065,Солотвино-1,Station
22174,Чуднів-Волинськ.,Station
263,Чиєрна Над Тисою,Station
2982,Бієл,Station
2073,Добра,Station
2309,Прибеник,Station
2067,Велки Хорес,Station
2326,Стреда Над Бодрогом,Station
2072,Борща,Station
2310,Словенске Нове Мєсто,Station
2065,Черхов,Station
2329,Міхалани,Station
2064,Кузмиче,Station
2071,Кальша,Station
2063,Сланець,Station
2062,Русков,Station
2069,Бохдановице,Station
2061,Висна Мюсла,Station
2060,Нижня Мюсла,Station
2070,Красна Над Хорнадом,Station
2308,Кошице Предместя,Station
2110,Кошице,Station
23047,Голоби,Station
23049,Рожище,Station
23056,Гнідава,Station
23059,Сенкевичівка,Station
23285,Горохів,Station
23068,Стоянів,Station
23069,Радехів,Station
23071,Кам'янка-Бузька,Station
23199,Отинія,Station
24060,Лисичанськ,Station
24113,Рубіжне,Station
24008,Кремінне,Station
24109,Кабанне,Station
24052,Сватове,Station
22407,Куземівка,Station
22406,Кислівка,Station
22380,Куп'янськ-Вузл.,Station
22423,Шевченкове-Півд.,Station
22426,Чугуїв,Station
22519,Люботин,Station
22516,Богодухів,Station
22515,Губарівка,Station
22512,Кириківка,Station
22460,Смородине,Station
22507,Боромля,Station
22450,Суми,Station
22440,Білопілля,Station
22050,Ворожба,Station
22060,Путивль,Station
22040,Конотоп-Пас.,Station
22030,Бахмач-Пас.,Station
34785,Яблунець,Station
22186,Острог,Station
22137,Радулин,Station
22059,Яготин,Station
22550,Гребінка,Station
22560,Лубни,Station
22530,Ромодан,Station
22567,Гоголеве,Station
22568,Яреськи,Station
22571,Сагайдак,Station
22573,Решетилівка,Station
22526,Коломак,Station
23400,Рівне,Station
23415,Куцівка,Station
23502,Казанка,Station
23504,Новий Буг,Station
23507,Явкине,Station
23015,Костопіль,Station
23210,Дубровиця,Station
23003,Удрицьк,Station
23190,Горинь,Station
23002,Видибір,Station
23001,Прип'ять,Station
21291,Лунінець,Station
21220,Ганцевичі,Station
21264,Рейтанів,Station
21133,Ляховичі,Station
21010,Барановичі-Полесские,Station
21123,Столбці,Station
21000,Мінськ-Пас.,Station
21270,Осиповичі 1,Station
21073,Єлізово,Station
21076,Несета,Station
21150,Могилів 1,Station
47485,Пустомити,Station
23083,Миколаїв-Дніст.,Station
34879,Гребенів,Station
23089,Тухля,Station
23132,Скотарське,Station
23455,Перехрестове,Station
23143,Глибочек-Великий,Station
47480,Солотвино-Лікар.,Station
34959,Бескид,Station
22259,Ярошенка,Station
23429,Кирнасівка,Station
23428,Демківка,Station
23427,Ладижин,Station
23426,Губник,Station
23425,Зятківці,Station
23424,Кублич,Station
23423,Розкошівка,Station
23370,Христинівка,Station
23376,Поташ,Station
23373,Тальне,Station
23379,Звенигородка,Station
23369,Багачеве,Station
23367,Шпола,Station
23340,Черкаси,Station
22020,Кролевець,Station
22013,Терещенська,Station
22010,Хутір Михайлівський,Station
20808,Суземка,Station
20420,Брянськ-Льговский,Station
20007,Москва Київська,Station
22670,Мелітополь-Пас.,Station
22675,Якимівка,Station
22755,Партизани,Station
22790,Новоолексіївка,Station
22709,Молочанськ,Station
22865,Великий Токмак,Station
22698,Верхній Токмак-2,Station
22777,Комиш-Зоря,Station
24281,Розівка,Station
24230,Волноваха,Station
24400,Маріуполь,Station
22960,Федорівка,Station
20160,Брянськ-Орловськ,Station
23451,Одеса-Застава 1,Station
23434,Рудниця,Station
22258,Рахни,Station
23197,Хриплин,Station
35003,Журавно,Station
2180,Хелм,Station
23053,Клевань,Station
22176,Печанівка,Station
23048,Переспа,Station
23052,Цумань,Station
22610,Кременчук-Пас.,Station
22605,Галещина,Station
22606,Козельщина,Station
22609,Кобеляки,Station
22611,Ліщинівка,Station
22613,Нові Санжари,Station
22590,Полтава-Півд.,Station
23148,Теребовля,Station
23151,Хоростків,Station
23152,Копичинці,Station
23135,Чортків,Station
23179,Товсте,Station
23220,Заліщики,Station
23247,Стефанешти,Station
47564,Городенка-Завод,Station
23242,Гвіздець,Station
22242,Гнівань,Station
23580,Ізмаїл,Station
23497,Котлабух,Station
23496,Дзинілор,Station
23494,Главані,Station
23490,Арциз,Station
23492,Сарата,Station
23491,Кулевча,Station
49382,Ташбунар,Station
23495,Аліяга,Station
23493,Давлет-Агач,Station
329,З.п.1 Км,Station
49493,Гнаденталь,Station
23489,Кантемир,Station
23487,Шабо,Station
49467,Барабой,Station
23482,Ксенієве,Station
23479,Одеса-Західна,Station
23612,Березине,Station
3109,Червоне,Station
3111,Містечко,Station
23499,Паризька,Station
4827,Теплиця,Station
35092,Южноукраїнська,Station
23420,Вознесенськ,Station
23629,Одеса-Східна,Station
22940,Синельникове-2,Station
22785,Таврійськ,Station
22845,Пришиб,Station
22713,Плодородна,Station
22905,Нововесела,Station
23528,Сірогози,Station
3151,Велика Благовіщенка,Station
23531,Братолюбівка,Station
23532,Каховка,Station
23527,Галаганівка,Station
23514,Ясна Зоря,Station
23515,Зелений Гай,Station
23516,Новокатиринівка,Station
23472,Колосівка,Station
23473,Березівка,Station
23336,Драбове-Барятинське,Station
23337,Пальміра,Station
23338,Золотоноша-1,Station
23345,Капітанівка,Station
23346,Новомиргород,Station
23347,Виска,Station
23348,Капустине,Station
23349,Адабаш,Station
23405,Людмилівка,Station
23406,Кавуни,Station
23407,Трикратне,Station
23396,Веселинове,Station
23100,Кишинеу,Station
23597,Бендер-2,Station
23610,Тираспіль,Station
23599,Кучурган,Station
24040,Слов'янськ,Station
24047,Барвінкове,Station
22430,Лозова-Пас.,Station
22760,Павлоград-1,Station
21185,Пуховичі,Station
21113,Бобруйськ,Station
21080,Жлобин-Пас.,Station
21100,Гомель-Пас.,Station
22037,Терюха,Station
22038,Горностаївка,Station
22256,Журавлівка,Station
24278,Хлібодарівка,Station
24279,Зачатівська,Station
20350,Калуга-2,Station
20370,Сухиничі-Головні,Station
49397,Миколаєве,Station
23447,Жеребкове,Station
23422,Підгородна,Station
23421,Бандурка,Station
23394,Пантаївка,Station
23386,Лікарівка,Station
23385,Павлиш,Station
23458,Веселий Кут,Station
22424,Гракове,Station
49708,Шв.могила,Station
21025,Буда-Кошелівська,Station
21290,Рогачєв,Station
21060,Бихов,Station
21225,Шклов,Station
21170,Орша-Центр.,Station
21050,Вітебськ Пас.,Station
20550,Невель-2,Station
20508,Новосокольники,Station
20522,Локня,Station
20570,Дно,Station
20103,Санкт-Петербург-Вітеб.,Station
23393,Яковлівка,Station
22930,Чаплине,Station
24050,Покровськ,Station
22149,Трипілля-Дніпр.,Station
22711,Світлодолинськ,Station
22561,Пирятин,Station
22540,Прилуки,Station
22549,Ічня,Station
20810,Зернове,Station
22524,Ков'яги,Station
22525,Водяна,Station
22528,Скороходове,Station
22529,Кочубеївка,Station
22615,Мала Перещепин.,Station
22607,Ганнівка,Station
22603,Потоки,Station
22597,Крюків На Дніпрі,Station
23411,Сахарна,Station
23412,Медерове,Station
23413,Шарівка,Station
23414,Чабанівка,Station
22744,Тимкове,Station
23523,Березнегувате,Station
23539,Копані,Station
49311,Варварівка,Station
22473,Краснопавлівка,Station
22472,Лихачове,Station
22370,Бєлгород,Station
20150,Курськ,Station
20140,Орел,Station
20880,Тула 1 Курская,Station
20001,Москва-Курська,Station
24009,Просяна Ім.приклонського В.в.,Station
24013,Межова,Station
22291,Кагарлик,Station
22680,Кривий Ріг,Station
24180,Бахмут,Station
24073,Сіль,Station
24068,Сіверськ,Station
22420,Ізюм,Station
22467,Балаклія,Station
22465,Зміїв,Station
22690,Бердянськ,Station
22829,Берда,Station
22795,Трояни,Station
22875,Єлізаветівка,Station
22699,Нельгівка,Station
22955,Верхній Токмак-1,Station
22702,Синя Гора,Station
22703,Кирилівка,Station
22850,Пологи,Station
22832,Оріхівська,Station
22683,Вільнянськ,Station
22290,Мена,Station
22274,Сновськ,Station
22272,Городня,Station
22244,Хоробичі,Station
21212,Терехівка,Station
704,Борщагівка-Техн.,Station
22298,Київ-Волинський,Station
22311,Караваєві Дачі,Station
739,Північна,Station
47175,Київ-Деміївський,Station
47190,Видубичі,Station
22053,Бровари,Station
47235,Бобрик,Station
22051,Бобровиця,Station
22049,Носівка,Station
47224,Приостер.,Station
22036,Крути,Station
47239,Хор.озеро,Station
22035,Плиски,Station
47244,Велика Загорівка,Station
22307,Старий Луг,Station
855,З.п.669 Км,Station
22032,Бахмач-Київ.,Station
47178,Хутір Халимонове,Station
22029,Халимонове,Station
47137,Куколка,Station
22016,Шостка,Station
2109,Бухарест-Норд,Station
2981,Плоєшти Суд,Station
2970,Мизил,Station
2107,Бузеу,Station
2116,Римнику Серат,Station
2106,Фокшани,Station
2969,Мерешешть,Station
2105,Аджуд,Station
2104,Бакеу,Station
2103,Роман,Station
2162,Пашкани,Station
2968,Долхаска,Station
2967,Верешть,Station
8180,Сучава,Station
2161,Сучава Норд,Station
245,Дорнешти,Station
244,Вікшани,Station
20075,Вадул-Сірет,Station
23263,Глибока-Буковинська,Station
102,Вапнярки,Station
47540,Кр.дубрава,Station
47312,Тисівці,Station
47455,Великий Кучурів,Station
274,Волока,Station
47406,Космін,Station
47633,Чагор,Station
47313,Чернівці-Півден.,Station
47535,Новоселиця,Station
23050,Ларга,Station
22260,Кам'янець-Подільський,Station
22232,Дунаївці,Station
22229,Гречани,Station
2038,Мінськ Мазовецький,Station
2037,Мрозі,Station
2282,Седльце,Station
8820,Луков,Station
2039,Радзинь-Підляський,Station
2040,Парчів,Station
2041,Любартів,Station
2181,Люблін,Station
8584,Свидник Място,Station
2331,Свидник Всходній,Station
2042,Травники,Station
2297,Рейовець,Station
2434,Хелм Място,Station
47189,Бабаківка,Station
22024,Кошари,Station
47184,Карпилівка,Station
34720,Клепали,Station
22026,Степанівка,Station
22027,Путейська,Station
22028,Грузьке,Station
47262,Зафатівка,Station
47168,Дубинка,Station
47274,В'язове,Station
22287,Дубов'язівка,Station
47272,Джигаївка,Station
47226,Калинівка,Station
3763,Лобківка,Station
47183,Залізобетонний,Station
22023,Кобижча,Station
47140,Вишневе,Station
22140,Боярка,Station
3728,Тартак,Station
22243,Браїлів,Station
846,Козачівка,Station
34708,Демидівка,Station
47153,Могилівка,Station
3722,Селищанський,Station
47131,Яришівка,Station
865,Веселка,Station
22241,Тюшки,Station
34754,Порпуровський,Station
22318,Вінниця-Вантажна,Station
772,Десенка,Station
34765,Сосонка(Обп),Station
34759,Сальницький(Пп),Station
22196,Варшиця,Station
22195,Гулівці,Station
22194,Голендри,Station
47139,Миколаївка,Station
22293,Кордишівка,Station
34695,Білосілля,Station
22154,Чорнорудка,Station
22152,Брівки,Station
22151,Попільня,Station
22142,Кожанка,Station
22141,Мотовилівка,Station
22139,Васильків-1,Station
47156,Івотка,Station
22011,Янпіль,Station
22286,Алтинівка,Station
22231,Ярмолинці,Station
22233,Балин,Station
22225,Красилів,Station
22230,Старокостянтинів 2,Station
22181,Пасічний,Station
22221,Адампіль,Station
22240,Хмільник,Station
22223,Уладівка,Station
22224,Холонівська,Station
21275,Красний Берег,Station
47203,Чорнявка,Station
34774,Харліївка,Station
34718,Залізничне,Station
22171,Козятин-2,Station
886,Каолінова,Station
22284,Глухівці,Station
22172,Іванківці,Station
47157,Мирославка,Station
22173,Демчин,Station
47141,Рачки,Station
34739,Михайленки,Station
34797,Вакуленчук,Station
22175,Разіне,Station
47191,Гордіївка,Station
34722,Колодяжний,Station
22177,Миропіль,Station
47143,Понінка,Station
47194,Поляни,Station
47211,Новичі,Station
22179,Хролин,Station
22145,Судилкове,Station
22183,Цвітоха,Station
22292,Баранне,Station
47238,Бадівка,Station
22185,Могиляни,Station
22187,Івачкове,Station
34761,Семилітка,Station
206,Здолбунів-Півд.,Station
47415,Квасилів,Station
22064,Бориспіль,Station
22581,Селещина,Station
22584,Карлівка,Station
22482,Красноград,Station
22486,Кегичівка,Station
22488,Сахнівщина,Station
22489,Орілька,Station
22247,Бар,Station
22249,Копай,Station
22250,Котюжани,Station
22252,Вендичани,Station
22280,Могилів-Подільський,Station
22047,Липовий Ріг,Station
22046,Вертіївка,Station
22045,Вересоч,Station
22044,Ім.бориса Олійника,Station
22043,Муравійка,Station
22042,Количівка,Station
22066,Жукотки,Station
22067,Малейки,Station
47242,Славутич,Station
22136,Колодянка,Station
22138,Майдан-Вила,Station
47126,Робоча,Station
4066,Подусівка,Station
47144,Білоус,Station
34725,Левковичі,Station
22322,Демійка,Station
780,Селище Лісне,Station
22068,Неданчичі,Station
49554,Берешти,Station
23578,Фалешти,Station
23574,Бельць Ораш,Station
23557,Дрокія,Station
23551,Окниця,Station
23547,Велчинець,Station
23589,Стрешени,Station
23587,Калараш,Station
23586,Сипотень,Station
23585,Бахмут,Station
23584,Корнешти,Station
23583,Пирлиця,Station
20145,Унгень,Station
23620,Бельць-Слобозія,Station
23555,Тирнове,Station
23554,Дондюшани,Station
23553,Редиул-Маре,Station
23595,Бульбока,Station
47155,Протасів Яр,Station
22017,Мельня,Station
34701,Ватутіне,Station
34799,Ганнусине,Station
47267,Блидні,Station
47229,Довбище,Station
47232,Райки,Station
22400,Житомир,Station
22090,Овруч,Station
21259,Словечно,Station
21254,Козенки,Station
21090,Калинковичі,Station
21217,Світлогорск-На-Березин,Station
21255,Городок,Station
20560,Сущево,Station
20524,Чихачево,Station
20527,Дєдовичі,Station
20606,Сольці,Station
21015,Богушевська,Station
23582,Петрешти,Station
22115,Кодня,Station
22112,Горбаші,Station
34743,Нова Борова,Station
25500,Баку-Пас.,Station
25711,Сумгаїт Головний,Station
25701,Шабран,Station
25760,Хачмас,Station
25770,Ялама,Station
25045,Дербент,Station
25216,Ізбербаш,Station
25213,Манас,Station
25900,Махачкала,Station
25063,Кизилюрт,Station
25175,Кизляр,Station
25114,Кочубей,Station
25116,Артезиан,Station
25117,Улан-Холл,Station
24600,Астрахань,Station
24925,Аксарайская,Station
24917,Верхній Баскунча,Station
24884,Володимирівка,Station
24832,Волжский,Station
24500,Волгоград-1,Station
24830,Арчеда,Station
24820,Себряково,Station
24950,Филонове,Station
24941,Олексиково,Station
24490,Поворино,Station
24532,Новохоперськ,Station
24480,Талова,Station
24120,Лиски,Station
24515,Острогожськ,Station
24460,Олексіївка,Station
22360,Валуйки,Station
22416,Ім.олега Крючкова,Station
22417,Преддонбасівська,Station
22418,Радьківськ.піски,Station
